TMDB,ExternalLinkData,Link,Caption
408,Disney+:https://www.disneyplus.com/en-gb/browse/entity-f51f7e6c-2d9a-443c-9831-f3cc22e822b4,https://ia600702.us.archive.org/34/items/movies_202606/408.mp4|https://ia600702.us.archive.org/34/items/movies_202606/408ia.ia.mp4,
530,BBC iPlayer:https://www.bbc.co.uk/iplayer/episode/b01pzqj3/wallace-gromit-a-grand-day-out,https://dn711004.ca.archive.org/0/items/a.-grand.-day.-out.-with.-wallace.-and.-gromit.-1989.1080p.-blu-ray.-h-264.-aac-lama/A.Grand.Day.Out.With.Wallace.And.Gromit.1989.1080p.BluRay.H264.AAC-LAMA.mp4|https://archive.org/download/a-grand-day-out-with-wallace-and-gromit-1989/Wallace%20%26%20Gromit%20in%20A%20Grand%20Day%20Out%20%281989%29.ia.mp4,
531,BBC iPlayer:https://www.bbc.co.uk/iplayer/episode/b08nfjwt/wallace-gromit-the-wrong-trousers,https://dn711109.ca.archive.org/0/items/wallace-and-gromit-in-the-wrong-trousers-1993-1080p-blu-ray-h-264-aac/Wallace%20And%20Gromit%20In%20The%20Wrong%20Trousers%201993%201080p%20BluRay%20H264%20AAC/Wallace%20And%20Gromit%20In%20The%20Wrong%20Trousers%201993%201080p%20BluRay%20H264%20AAC.mp4|https://archive.org/download/a-grand-day-out-with-wallace-and-gromit-1989/Wallace%20and%20Gromit%20in%20The%20Wrong%20Trousers%20%281993%29.ia.mp4,
532,BBC iPlayer:https://www.bbc.co.uk/iplayer/episode/b01q0k5b/wallace-gromit-a-close-shave,https://dn710709.ca.archive.org/0/items/wallace.-and.-gromit.-in.-a.-close.-shave.-1995.1080p.-blu-ray.-h-264.-aac-rarbg_202503/Wallace.And.Gromit.In.A.Close.Shave.1995.1080p.BluRay.H264.AAC-RARBG.mp4|https://archive.org/download/a-grand-day-out-with-wallace-and-gromit-1989/Wallace%20and%20Gromit%20in%20A%20Close%20Shave%20%281995%29.ia.mp4,
533,Nowhere,https://archive.org/download/720p-match-framerate/720p_Match_Framerate.mp4|https://archive.org/download/a-grand-day-out-with-wallace-and-gromit-1989/Wallace%20Gromit%20in%20The%20Curse%20of%20the%20Were-Rabbit%20%282005%29.ia.mp4,
550,Netflix:https://www.netflix.com/gb/title/26004747|Amazon Prime:https://www.amazon.co.uk/Fight-Club-Brad-Pitt/dp/B0B782NTHL|ITVX:https://www.itv.com/watch/fight-club/2a2590,https://dn720700.ca.archive.org/0/items/fight.club.10th.anniversary.edition.1999.1080p.brrip.x264.yify_201908/Fight.Club.10th.Anniversary.Edition.1999.1080p.BrRip.x264.YIFY.mp4|https://dn720308.ca.archive.org/0/items/fight-club-1999-archive-uncompressed/Fight%20Club%20%281999%29%20%5BArchive%20Uncompressed%5D.mp4,
756,Disney+:https://www.disneyplus.com/en-gb/browse/entity-f08e9233-5325-45ac-a070-134f9725f1fd,https://ia600702.us.archive.org/34/items/movies_202606/756.mp4|https://ia600702.us.archive.org/34/items/movies_202606/756ia.ia.mp4,
801,Disney+:https://www.disneyplus.com/en-gb/browse/entity-0d156c66-b038-4ef6-9276-f9f0b69ccabf,https://dn720402.ca.archive.org/0/items/good-morning-vietnam/Good%20Morning%20Vietnam.mp4,
812,Disney+:https://www.disneyplus.com/browse/entity-bfad6284-a0aa-4ae1-8469-dc1653121dbb,https://ia600702.us.archive.org/34/items/movies_202606/812.mp4|https://ia600702.us.archive.org/34/items/movies_202606/812ia.ia.mp4,
871,Disney+:https://www.disneyplus.com/en-gb/browse/entity-cc1ecc55-f081-40d0-82c7-50e67b85995c,https://archive.org/download/planet.-of.-the.-apes.-1080p/Planet.Of.The.Apes.1080p.mp4|https://dn720306.ca.archive.org/0/items/classic-sci-fi-films-from-the-1960s-part-two/Planet-of-The-Apes-1968-final.ia.mp4,
1267,Disney+:https://www.disneyplus.com/en-gb/browse/entity-768c3d1a-2952-401a-8e99-9fd1f42f13bc,https://ia600702.us.archive.org/34/items/movies_202606/1267.mp4|https://ia600702.us.archive.org/34/items/movies_202606/1267ia.ia.mp4,
3170,Disney+:https://www.disneyplus.com/en-gb/browse/entity-c5350c37-0c8f-4094-8e63-72bfef0a0b08,https://ia600702.us.archive.org/34/items/movies_202606/3170.mp4|https://ia600702.us.archive.org/34/items/movies_202606/3170ia.ia.mp4,
8587,Disney+:https://www.disneyplus.com/en-gb/browse/entity-a3ae7371-39a5-4c0b-a1f2-29a70b372848,https://ia600702.us.archive.org/34/items/movies_202606/8587.mp4|https://ia600702.us.archive.org/34/items/movies_202606/8587ia.ia.mp4,
9016,Disney+:https://www.disneyplus.com/en-gb/browse/entity-0d81bf5b-5d8b-497d-90cd-314cbf9bce4b,https://ia600702.us.archive.org/34/items/movies_202606/9016.mp4|https://ia600702.us.archive.org/34/items/movies_202606/9016ia.ia.mp4,
9078,Disney+:https://www.disneyplus.com/en-gb/browse/entity-32a38a47-e2f8-4c6d-8869-c9773e6ce749,https://ia600702.us.archive.org/34/items/movies_202606/9078.mp4|https://ia600702.us.archive.org/34/items/movies_202606/9078ia.ia.mp4,
9325,Disney+:https://www.disneyplus.com/en-gb/browse/entity-9a969820-2c25-4cf9-a461-ed84696cdf19,https://ia600702.us.archive.org/34/items/movies_202606/9325.mp4|https://ia600702.us.archive.org/34/items/movies_202606/9325ia.ia.mp4,
9982,Disney+:https://www.disneyplus.com/en-gb/browse/entity-08bc9ce4-7e46-4383-a500-fd5305bb8f2e,https://ia600702.us.archive.org/34/items/movies_202606/9982.mp4|https://ia600702.us.archive.org/34/items/movies_202606/9982ia.ia.mp4,
9994,Disney+:https://www.disneyplus.com/en-gb/browse/entity-e8fa6ca3-2982-4841-a947-e764a7f406b5,https://ia600702.us.archive.org/34/items/movies_202606/9994.mp4|https://ia600702.us.archive.org/34/items/movies_202606/9994ia.ia.mp4,
10009,Disney+:https://www.disneyplus.com/en-gb/browse/entity-b463d937-ca30-40fe-ac95-72e232d06872,https://ia600702.us.archive.org/34/items/movies_202606/10009.mp4|https://ia600702.us.archive.org/34/items/movies_202606/10009ia.ia.mp4,
10020,Disney+:https://www.disneyplus.com/en-gb/browse/entity-97babebc-7013-455a-b377-aa3d7a6e79c1,https://ia600702.us.archive.org/34/items/movies_202606/10020.mp4|https://ia600702.us.archive.org/34/items/movies_202606/10020ia.ia.mp4,
10112,Disney+:https://www.disneyplus.com/en-gb/browse/entity-ddf5fd68-acd7-47ae-8632-22aa3b6a4ba8,https://ia600702.us.archive.org/34/items/movies_202606/10112.mp4|https://ia600702.us.archive.org/34/items/movies_202606/10112ia.ia.mp4,
10144,Disney+:https://www.disneyplus.com/en-gb/browse/entity-f7643452-fe64-4b05-8f09-c8bea9b2dd60,https://ia600702.us.archive.org/34/items/movies_202606/10144.mp4|https://ia600702.us.archive.org/34/items/movies_202606/10144ia.ia.mp4,
10198,Disney+:https://www.disneyplus.com/en-gb/browse/entity-48fd96f1-8e02-4de0-a511-cc3f11fbfefd,https://ia600702.us.archive.org/34/items/movies_202606/10198.mp4|https://ia600702.us.archive.org/34/items/movies_202606/10198ia.ia.mp4,
10340,Disney+:https://www.disneyplus.com/en-gb/browse/entity-f8a68a49-f7c3-417d-baed-1ff7c7b862de,https://ia600702.us.archive.org/34/items/movies_202606/10340.mp4|https://ia600702.us.archive.org/34/items/movies_202606/10340ia.ia.mp4,
10530,Disney+:https://www.disneyplus.com/en-gb/browse/entity-87056d92-21b6-4e70-a0d4-a959b6c60599,https://ia600702.us.archive.org/34/items/movies_202606/10530.mp4|https://ia600702.us.archive.org/34/items/movies_202606/10530ia.ia.mp4,
10545,Disney+:https://www.disneyplus.com/browse/entity-487dcb63-61e4-49ba-9f44-ce0aab176ab9,https://ia600702.us.archive.org/34/items/movies_202606/10545.mp4|https://ia600702.us.archive.org/34/items/movies_202606/10545ia.ia.mp4,
10567,Disney+:https://www.disneyplus.com/en-gb/browse/entity-fe34a97c-8f83-4c39-a08e-afc288e14d64,https://ia600702.us.archive.org/34/items/movies_202606/10567.mp4|https://ia600702.us.archive.org/34/items/movies_202606/10567ia.ia.mp4,
10674,Disney+:https://www.disneyplus.com/en-gb/browse/entity-a89be7cf-d4a6-41e8-9e85-2040be26f401,https://ia600702.us.archive.org/34/items/movies_202606/10674.mp4|https://ia600702.us.archive.org/34/items/movies_202606/10674ia.ia.mp4,
10693,Disney+:https://www.disneyplus.com/en-gb/browse/entity-92d66793-7198-45de-bfb6-84915256d855,https://ia600702.us.archive.org/34/items/movies_202606/10693.mp4|https://ia600702.us.archive.org/34/items/movies_202606/10693ia.ia.mp4,
10865,Disney+:https://www.disneyplus.com/en-gb/browse/entity-998ad7ff-51b8-47ec-b571-85152ba5d2ce,https://ia600702.us.archive.org/34/items/movies_202606/10865.mp4|https://ia600702.us.archive.org/34/items/movies_202606/10865ia.ia.mp4,
10882,Disney+:https://www.disneyplus.com/en-gb/browse/entity-2f365ad5-9a65-410e-b750-947acc66d21e,https://ia600702.us.archive.org/34/items/movies_202606/10882.mp4|https://ia600702.us.archive.org/34/items/movies_202606/10882ia.ia.mp4,
10895,Disney+:https://www.disneyplus.com/browse/entity-bfe9c61c-f7f3-4e39-94bb-376bf2162c28,https://ia600702.us.archive.org/34/items/movies_202606/10895.mp4|https://ia600702.us.archive.org/34/items/movies_202606/10895ia.ia.mp4,
10948,Disney+:https://www.disneyplus.com/en-gb/browse/entity-65ec2407-38fc-479b-bc94-ac474770b84f,https://ia600702.us.archive.org/34/items/movies_202606/10948.mp4|https://ia600702.us.archive.org/34/items/movies_202606/10948ia.ia.mp4,
10957,Disney+:https://www.disneyplus.com/en-gb/browse/entity-7a03fae2-00b5-4320-a617-4932e8734284,https://ia600702.us.archive.org/34/items/movies_202606/10957.mp4|https://ia600702.us.archive.org/34/items/movies_202606/10957ia.ia.mp4,
11135,Disney+:https://www.disneyplus.com/en-gb/browse/entity-ffcbf9e8-27a1-4993-a4cd-b99fd0c1ebdb,https://ia600702.us.archive.org/34/items/movies_202606/11135.mp4|https://ia600702.us.archive.org/34/items/movies_202606/11135ia.ia.mp4,
11224,Disney+:https://www.disneyplus.com/en-gb/browse/entity-f7272318-0b08-46f5-b89e-284b3e8a7234,https://ia600702.us.archive.org/34/items/movies_202606/11224.mp4|https://ia600702.us.archive.org/34/items/movies_202606/11224ia.ia.mp4,
11319,Disney+:https://www.disneyplus.com/en-gb/browse/entity-64104df1-6cac-4d26-9935-97c3fd1e582e,https://ia600702.us.archive.org/34/items/movies_202606/11319.mp4|https://ia600702.us.archive.org/34/items/movies_202606/11319ia.ia.mp4,
11360,Disney+:https://www.disneyplus.com/browse/entity-d71e65f7-36f1-4ae1-9e3b-4a794d0c970c,https://ia600702.us.archive.org/34/items/movies_202606/11360.mp4|https://ia600702.us.archive.org/34/items/movies_202606/11360ia.ia.mp4,
11544,Disney+:https://www.disneyplus.com/en-gb/browse/entity-e291d4ea-cd86-4eb2-9f39-20d2b75165ee,https://ia600702.us.archive.org/34/items/movies_202606/11544.mp4|https://ia600702.us.archive.org/34/items/movies_202606/11544ia.ia.mp4,
11688,Disney+:https://www.disneyplus.com/en-gb/browse/entity-c749b7a9-21dd-41e3-80bc-bf5158177010,https://ia600702.us.archive.org/34/items/movies_202606/11688.mp4|https://ia600702.us.archive.org/34/items/movies_202606/11688ia.ia.mp4,
11886,Disney+:https://www.disneyplus.com/en-nl/browse/entity-cd1967ec-90ec-4aa6-9476-809ba8fcf2b2,https://ia600702.us.archive.org/34/items/movies_202606/11886.mp4|https://ia600702.us.archive.org/34/items/movies_202606/11886ia.ia.mp4,
11970,Disney+:https://www.disneyplus.com/en-gb/browse/entity-ae19dd2f-a945-442b-a18e-d57fa8f5091f,https://ia600702.us.archive.org/34/items/movies_202606/11970.mp4|https://ia600702.us.archive.org/34/items/movies_202606/11970ia.ia.mp4,
12092,Disney+:https://www.disneyplus.com/browse/entity-7ccabaf6-d01a-4163-a613-862f2c4f1446,https://ia600702.us.archive.org/34/items/movies_202606/12092.mp4|https://ia600702.us.archive.org/34/items/movies_202606/12092ia.ia.mp4,
12105,Nowhere,https://archive.org/download/yellow-submarine-fixed-colours/5.1.mp4|https://archive.org/download/yellow-submarine-fixed-colours/5.1.ia.mp4,
12230,Disney+:https://www.disneyplus.com/en-gb/browse/entity-8eed72cc-3c4a-41cf-8e98-44a6b7f8f8d3,https://ia600702.us.archive.org/34/items/movies_202606/12230.mp4|https://ia600702.us.archive.org/34/items/movies_202606/12230ia.ia.mp4,
12233,Disney+:https://www.disneyplus.com/en-gb/browse/entity-10b2725c-2f6c-4646-929c-400a26c5e6fa,https://ia600702.us.archive.org/34/items/movies_202606/12233.mp4|https://ia600702.us.archive.org/34/items/movies_202606/12233ia.ia.mp4,
13053,Disney+:https://www.disneyplus.com/en-gb/browse/entity-571d9761-423b-4e7c-820e-a35c1faf1cf3,https://ia600702.us.archive.org/34/items/movies_202606/13053.mp4|https://ia600702.us.archive.org/34/items/movies_202606/13053ia.ia.mp4,
13465,Disney+:https://www.disneyplus.com/en-gb/browse/entity-727d398f-4326-4e08-b3aa-055db5b4d3de,https://ia600702.us.archive.org/34/items/movies_202606/13465.mp4|https://ia600702.us.archive.org/34/items/movies_202606/13465ia.ia.mp4,
13700,Disney+:https://www.disneyplus.com/en-gb/browse/entity-2f5b5aa7-7e11-4171-88fc-f2bcef3b5e1d,https://ia600702.us.archive.org/34/items/movies_202606/13700.mp4|https://ia600702.us.archive.org/34/items/movies_202606/13700ia.ia.mp4,
13757,Disney+:https://www.disneyplus.com/en-nl/browse/entity-c345991d-d605-4009-81aa-2a6606000e31,https://ia600702.us.archive.org/34/items/movies_202606/13757.mp4|https://ia600702.us.archive.org/34/items/movies_202606/13757ia.ia.mp4,
14447,BBC iPlayer:https://www.bbc.co.uk/iplayer/episode/b00g8hbw/wallace-gromit-a-matter-of-loaf-and-death,https://dn721607.ca.archive.org/0/items/wallace-gromit-s-01-e-04-a-matter-of-loaf-and-death/Wallace%20%26%20Gromit%20-%20S01E04%20-%20A%20Matter%20of%20Loaf%20and%20Death.ia.mp4|https://archive.org/download/a-grand-day-out-with-wallace-and-gromit-1989/Wallace%20and%20Gromit%20in%20A%20Matter%20of%20Loaf%20and%20Death%20%282008%29.ia.mp4,
14906,Disney+:https://www.disneyplus.com/en-bm/browse/entity-e7f7f95a-cd36-477a-a560-ec8b7dbce499,https://ia600702.us.archive.org/34/items/movies_202606/14906.mp4|https://ia600702.us.archive.org/34/items/movies_202606/14906ia.ia.mp4,
15947,Disney+:https://www.disneyplus.com/browse/entity-c39a5283-9f01-4f69-ad72-5c08039ea9cb,https://ia600702.us.archive.org/34/items/movies_202606/15947.mp4|https://ia600702.us.archive.org/34/items/movies_202606/15947ia.ia.mp4,
16378,Nowhere,https://dn710203.ca.archive.org/0/items/the-rutles-all-you-need-is-cash/The%20Rutles%2C%20All%20You%20Need%20Is%20Cash.mp4|https://dn721209.ca.archive.org/0/items/rutles-collection-2025/Videos/1978.%20All%20You%20Need%20Is%20Cash/All%20You%20Need%20Is%20Cash%20%281978%29%20%5BRutles%20Anthology%20NTSC%20Blu-ray%5D.mp4,
20343,Nowhere,https://ia600702.us.archive.org/34/items/movies_202606/20343.mp4|https://ia600702.us.archive.org/34/items/movies_202606/20343ia.ia.mp4,
32694,YouTube:https://www.youtube.com/watch?v=R_tLUMJX0po,https://ia600507.us.archive.org/25/items/rutles-collection-2025/Videos/2002.%20The%20Rutles%202_%20Can%27t%20Buy%20Me%20Lunch/The%20Rutles%202_%20Can%27t%20Buy%20Me%20Lunch%20%282002%29%20%5BNTSC%20DVD%5D.mp4,
37135,Disney+:https://www.disneyplus.com/browse/entity-6246ebb7-7e52-4767-974c-5da108c6644f,https://ia600702.us.archive.org/34/items/movies_202606/37135.mp4|https://ia600702.us.archive.org/34/items/movies_202606/37135ia.ia.mp4,
38757,Disney+:https://www.disneyplus.com/en-gb/browse/entity-197d29a0-7a57-4eca-afa9-da1c050c5abe,https://ia600702.us.archive.org/34/items/movies_202606/38757.mp4|https://ia600702.us.archive.org/34/items/movies_202606/38757ia.ia.mp4,
46929,Disney+:https://www.disneyplus.com/en-gb/browse/entity-b1f6259e-478e-47ff-9410-3c30df8495d6,https://ia600702.us.archive.org/34/items/movies_202606/46929.mp4|https://ia600702.us.archive.org/34/items/movies_202606/46929ia.ia.mp4,
49948,Disney+:https://www.disneyplus.com/en-gb/browse/entity-9d43141c-cba4-4562-bba4-30407312014f,https://ia600702.us.archive.org/34/items/movies_202606/49948.mp4|https://ia600702.us.archive.org/34/items/movies_202606/49948ia.ia.mp4,
51162,Disney+:https://www.disneyplus.com/en-gr/browse/entity-12f24f7f-e650-4fa2-93ff-50e339c56b22,https://ia600702.us.archive.org/34/items/movies_202606/51162.mp4|https://ia600702.us.archive.org/34/items/movies_202606/51162ia.ia.mp4,
82690,Disney+:https://www.disneyplus.com/en-gb/browse/entity-0cde80b0-5085-447b-b65e-c81a713a90f0,https://ia600702.us.archive.org/34/items/movies_202606/82690.mp4|https://ia600702.us.archive.org/34/items/movies_202606/82690ia.ia.mp4,
109445,Disney+:https://www.disneyplus.com/en-gb/browse/entity-04c97b72-504b-47f2-9c6f-fe13d9aea82f,https://ia600702.us.archive.org/34/items/movies_202606/109445.mp4|https://ia600702.us.archive.org/34/items/movies_202606/109445ia.ia.mp4,
177572,Disney+:https://www.disneyplus.com/browse/entity-c29f81d8-8c51-4fe7-bb0c-13f099ad3e90,https://ia600702.us.archive.org/34/items/movies_202606/177572.mp4|https://ia600702.us.archive.org/34/items/movies_202606/177572ia.ia.mp4,
211798,Nowhere,https://archive.org/download/WGExtras/Cracking%20Contraptions.mp4|https://archive.org/download/WGExtras/Cracking%20Contraptions.ia.mp4,
250480,Disney+:https://www.disneyplus.com/en-gb/browse/entity-921fe2fd-2b3b-42c0-8f80-67239d866a2e,https://ia600702.us.archive.org/34/items/movies_202606/250480.mp4|https://ia600702.us.archive.org/34/items/movies_202606/250480ia.ia.mp4,
269149,Disney+:https://www.disneyplus.com/en-gb/browse/entity-319bcc7d-be84-4b00-8548-9e2ec0ae017b,https://ia600702.us.archive.org/34/items/movies_202606/269149.mp4|https://ia600702.us.archive.org/34/items/movies_202606/269149ia.ia.mp4,
277834,Disney+:https://www.disneyplus.com/en-gb/browse/entity-e8896bfa-1052-41f7-ae2e-00255d77cf05,https://ia600702.us.archive.org/34/items/movies_202606/277834.mp4|https://ia600702.us.archive.org/34/items/movies_202606/277834ia.ia.mp4,
330457,Disney+:https://www.disneyplus.com/en-gb/browse/entity-3f9272e2-33f1-47db-bb2e-9aa2c7c85a96,https://ia600702.us.archive.org/34/items/movies_202606/330457.mp4|https://ia600702.us.archive.org/34/items/movies_202606/330457ia.ia.mp4,
385281,Nowhere,https://archive.org/download/GFExtras/Extras%20-%20Named/Six%20Strange%20Tales.mp4|https://archive.org/download/GFExtras/Extras%20-%20Named/Six%20Strange%20Tales.ia.mp4,
404368,Disney+:https://www.disneyplus.com/en-gb/browse/entity-4f2c48ef-b3f9-4422-9feb-011a17ff2afb,https://ia600702.us.archive.org/34/items/movies_202606/404368.mp4|https://ia600702.us.archive.org/34/items/movies_202606/404368ia.ia.mp4,
527774,Disney+:https://www.disneyplus.com/en-gb/browse/entity-72aceacd-23df-4fc2-89fb-0b9595a764ca,https://ia600702.us.archive.org/34/items/movies_202606/527774.mp4|https://ia600702.us.archive.org/34/items/movies_202606/527774ia.ia.mp4,
531326,YouTube:https://www.youtube.com/watch?v=CEX0eGmMd2o,https://archive.org/download/GFExtras/Extras%20-%20Named/One%20Crazy%20Summer%20-%20Full.mp4|https://archive.org/download/GFExtras/Extras%20-%20Named/One%20Crazy%20Summer%20-%20Full.ia.mp4,
568124,Disney+:https://www.disneyplus.com/en-gb/browse/entity-328b0ec7-6e50-4ead-aa7f-c8bb92e6f08a,https://ia600702.us.archive.org/34/items/movies_202606/568124.mp4|https://ia600702.us.archive.org/34/items/movies_202606/568124ia.ia.mp4,
675445,Nowhere,https://archive.org/download/101-dalmatians-1992-vhs-french-canadian-copy_202301/Paw%20Patrol%20The%20Movie%20%282021%29.mp4,
877269,Disney+:https://www.disneyplus.com/en-gb/browse/entity-30c7bfa8-63f8-4bfe-b257-e64fa816c8da,https://ia600702.us.archive.org/34/items/movies_202606/877269.mp4|https://ia600702.us.archive.org/34/items/movies_202606/877269ia.ia.mp4,
929204,Netflix:https://www.netflix.com/gb/title/81351936,https://archive.org/download/wallace-gromit-vengeance-most-fowl_202504/Wallace%20%26%20Gromit%20Vengeance%20Most%20Fowl.mp4|https://archive.org/download/vengeance-most-fowl_202412/jgjsdjwa.mp4,
1022796,Disney+:https://www.disneyplus.com/browse/entity-d376ee33-6f33-48cf-99bb-2132c3d8183f,https://ia600702.us.archive.org/34/items/movies_202606/1022796.mp4|https://ia600702.us.archive.org/34/items/movies_202606/1022796ia.ia.mp4,
1224606,Nowhere,https://archive.org/download/WGExtras/Cracking%20Contraptions/Extra.mp4|https://archive.org/download/WGExtras/Cracking%20Contraptions/Extra.ia.mp4,
1284892,YouTube:https://www.youtube.com/watch?v=ZIaVW5WWcXM,https://archive.org/download/WGExtras/How%20Wallace%20%26%20Gromit%20Went%20to%20Hollywood.mp4|https://archive.org/download/WGExtras/How%20Wallace%20%26%20Gromit%20Went%20to%20Hollywoodia.mp4,
1330450,YouTube:https://www.youtube.com/watch?v=TIvUvNyess8,https://archive.org/download/WGExtras/Wallace%20and%20Gromit%20at%20the%20Proms.mp4|https://archive.org/download/WGExtras/Wallace%20and%20Gromit%20at%20the%20Promsia.mp4,
1502518,Nowhere,https://archive.org/download/GFExtras/Extras%20-%20Named/Even%20Stranger.mp4|https://archive.org/download/GFExtras/Extras%20-%20Named/Even%20Stranger.ia.mp4,
1591087,Netflix:https://www.netflix.com/gb/title/70217140#episodes|Channel 4:https://www.channel4.com/programmes/peep-show/on-demand/47548-005|Disney+:https://www.disneyplus.com/en-gb/browse/entity-59d13d43-a434-4c4b-9815-59fd1242445b|YouTube:https://www.youtube.com/watch?v=9jaJkTtg9_I&list=PLgZZ9Y_Cr2733dybDuViieB8-PT7SQCLN&index=5,https://archive.org/download/peepshowall/Season%207%20Episode%205.mp4|https://archive.org/download/peepshowall/Season%207%20Episode%205.ia.mp4,
1602449,YouTube:https://www.youtube.com/watch?v=jBLralAAtVE,https://archive.org/download/GFExtras/Extras%20-%20Named/Between%20the%20Pines.mp4|https://archive.org/download/GFExtras/Extras%20-%20Named/Between%20the%20Pines.ia.mp4,
